Status,Objective,Total_generation,Total_emission,Total_curtailment,Total_ely_consumption,Total_h2_production,Objective_negative,REP_cost
OPTIMAL,60358.533404959635,33.37331884199999,13.776859926718426,0,9.48913851652431,16790.14592,-10694.63594655078,-10694.63594655078
OPTIMAL,58886.79695872557,32.61045822700012,11.958444960976326,0,10,17546.96813,-8341.157968948155,-8341.157968948155
